{
    "entropy_min": 4.111111111111111,
    "entropy_max": 5.1,
    "std_min": 10.0,
    "std_max": 84.55555555555556,
    "AUC": 0.6498511904761906
}